component,table,column,reason_code,reason_note
AMLS,AML_USER_INFO,TEL_NO,PII_EXCLUDED,개인정보 — 이관 대상 제외
AMLS,AML_USER_INFO,LEGACY_FLAG,ETC,운영계 전용 내부 항목
AMLS,AML_USER_INFO,BATCH_SEQ,PENDING,차기 이관 예정
BIZ,CCP_MEMBER_LOG,RRNO,PII_EXCLUDED,개인정보 — 이관 대상 제외
BIZ,CCP_PARTNER,HOME_ADDR,PII_EXCLUDED,개인정보 — 이관 대상 제외
BIZ,CCP_PARTNER,EMAIL_ADDR,PII_EXCLUDED,개인정보 — 이관 대상 제외
BIZ,CCP_PARTNER,TMP_WORK_VAL,PENDING,차기 이관 예정
BIZ,CCP_PRODUCT,INTERNAL_MEMO,PENDING,차기 이관 예정
BIZ,CCP_PRODUCT_MANAGER,BANK_ACCT_NO,PII_EXCLUDED,개인정보 — 이관 대상 제외
BIZ,CCP_PRODUCT_MANAGER,LEGACY_FLAG,ETC,운영계 전용 내부 항목
BIZ,CCP_RECHARGER,CUST_NM,PII_EXCLUDED,개인정보 — 이관 대상 제외
BIZ,CCP_RECHARGER,BATCH_SEQ,UNFIT,분석 요건에 부적합한 컬럼
BIZ,CCP_RECHARGER,TMP_WORK_VAL,PENDING,차기 이관 예정
BIZ,RCS_APPMEMBER_REG_HISTORY,INTERNAL_MEMO,UNFIT,분석 요건에 부적합한 컬럼
BIZ,RCS_BONBU,EMAIL_ADDR,PII_EXCLUDED,개인정보 — 이관 대상 제외
BIZ,RCS_BONBU_MAPPING,INTERNAL_MEMO,PENDING,차기 이관 예정
BIZ,TB_LEGACY_UNMIGRATED,,NO_REQUEST,이관 요청에 포함되지 않은 테이블
BIZD,contract,EMAIL_ADDR,PII_EXCLUDED,개인정보 — 이관 대상 제외
BIZD,contract,RMK_CN,PENDING,차기 이관 예정
BIZD,contract,TMP_WORK_VAL,UNFIT,분석 요건에 부적합한 컬럼
BIZD,CONTRACT_HISTORY,RRNO,PII_EXCLUDED,개인정보 — 이관 대상 제외
BIZD,CONTRACT_MERCHANT,CUST_NM,PII_EXCLUDED,개인정보 — 이관 대상 제외
BIZD,CONTRACT_MERCHANT,TMP_WORK_VAL,ETC,운영계 전용 내부 항목
BIZD,OWNER,EMAIL_ADDR,PII_EXCLUDED,개인정보 — 이관 대상 제외
BIZD,OWNER,BATCH_SEQ,UNFIT,분석 요건에 부적합한 컬럼
BIZD,OWNER_MAPPED,RRNO,PII_EXCLUDED,개인정보 — 이관 대상 제외
BIZD,TB_LEGACY_UNMIGRATED,,NO_REQUEST,이관 요청에 포함되지 않은 테이블
CAMS,CAM_CNVG_SVC_MAPNG,EMAIL_ADDR,PII_EXCLUDED,개인정보 — 이관 대상 제외
CAMS,CAM_CRD_APL_ADD,EMAIL_ADDR,PII_EXCLUDED,개인정보 — 이관 대상 제외
CAMS,CARD_DELIVERY,RRNO,PII_EXCLUDED,개인정보 — 이관 대상 제외
CAMS,CARD_DELIVERY,TEL_NO,PII_EXCLUDED,개인정보 — 이관 대상 제외
CAMS,EXT_CARD_MAP,RMK_CN,ETC,운영계 전용 내부 항목
CAMS,EXT_CARD_MAP,BATCH_SEQ,PENDING,차기 이관 예정
CAMS,ISSUED_CARD_REGISTER,RRNO,PII_EXCLUDED,개인정보 — 이관 대상 제외
CAMS,ISSUED_CARD_REGISTER,TEL_NO,PII_EXCLUDED,개인정보 — 이관 대상 제외
CAS,CAS_CRD_AUTHT,BANK_ACCT_NO,PII_EXCLUDED,개인정보 — 이관 대상 제외
CAS,CAS_CRD_AUTHT,EMAIL_ADDR,PII_EXCLUDED,개인정보 — 이관 대상 제외
CAS,CAS_SPPM_CRD_AUTHT,INTERNAL_MEMO,UNFIT,분석 요건에 부적합한 컬럼
CAS,CAS_SPPM_CRD_AUTHT,RMK_CN,ETC,운영계 전용 내부 항목
CAS,CAS_SPPM_ITG_CD,BATCH_SEQ,PENDING,차기 이관 예정
CDM,SHIPPING_INFO,BATCH_SEQ,PENDING,차기 이관 예정
CDM,SHIPPING_INFO,INTERNAL_MEMO,UNFIT,분석 요건에 부적합한 컬럼
CDM,SHIPPING_INFO_HISTORY,HOME_ADDR,PII_EXCLUDED,개인정보 — 이관 대상 제외
CDM,SHIPPING_TRY,TEL_NO,PII_EXCLUDED,개인정보 — 이관 대상 제외
CDM,SHIPPING_TRY,CUST_NM,PII_EXCLUDED,개인정보 — 이관 대상 제외
CMS,CMS_CNVG_PAR,TEL_NO,PII_EXCLUDED,개인정보 — 이관 대상 제외
CMS,CMS_CNVG_PAR,RRNO,PII_EXCLUDED,개인정보 — 이관 대상 제외
CMS,CMS_CRD_VL_PRID_EXTS,BATCH_SEQ,PENDING,차기 이관 예정
CMS,DEDUCTION_INFO,RRNO,PII_EXCLUDED,개인정보 — 이관 대상 제외
CMS,DEDUCTION_INFO,HOME_ADDR,PII_EXCLUDED,개인정보 — 이관 대상 제외
CMS,NAMED_INFO,CUST_NM,PII_EXCLUDED,개인정보 — 이관 대상 제외
CMS,NAMED_INFO,INTERNAL_MEMO,ETC,운영계 전용 내부 항목
CMS,NAMED_INFO,BATCH_SEQ,UNFIT,분석 요건에 부적합한 컬럼
CMS,PAN_CHAN_HIS,RRNO,PII_EXCLUDED,개인정보 — 이관 대상 제외
CMS,PAN_CHAN_HIS,LEGACY_FLAG,UNFIT,분석 요건에 부적합한 컬럼
CMS,PAN_INFO,RMK_CN,PENDING,차기 이관 예정
CRM,TB_CONSULTING_LOG,INTERNAL_MEMO,UNFIT,분석 요건에 부적합한 컬럼
CRM,TB_LEGACY_UNMIGRATED,,NO_REQUEST,이관 요청에 포함되지 않은 테이블
CRS,LOTTERY,CUST_NM,PII_EXCLUDED,개인정보 — 이관 대상 제외
CRS,LUCKY,TMP_WORK_VAL,UNFIT,분석 요건에 부적합한 컬럼
CRS,REWARD,BANK_ACCT_NO,PII_EXCLUDED,개인정보 — 이관 대상 제외
CRS,TICKET,HOME_ADDR,PII_EXCLUDED,개인정보 — 이관 대상 제외
CRS,TICKET,INTERNAL_MEMO,PENDING,차기 이관 예정
CS,TB_ARS_AUTH_BANK_ACC_REG,CUST_NM,PII_EXCLUDED,개인정보 — 이관 대상 제외
CS,TB_ARS_AUTH_BANK_ACC_REG,RRNO,PII_EXCLUDED,개인정보 — 이관 대상 제외
CS,TB_ARS_AUTH_BANK_ACC_REG,TMP_WORK_VAL,UNFIT,분석 요건에 부적합한 컬럼
CS,TB_ARS_AUTH_BANK_ACC_REG,RMK_CN,PENDING,차기 이관 예정
CS,TB_AUTO_PRE_REC_PLAN,INTERNAL_MEMO,ETC,운영계 전용 내부 항목
CS,TB_BP_MONTHLY_LOG,EMAIL_ADDR,PII_EXCLUDED,개인정보 — 이관 대상 제외
CS,TB_BP_THRESHOLD,BANK_ACCT_NO,PII_EXCLUDED,개인정보 — 이관 대상 제외
CS,TB_BP_THRESHOLD,TEL_NO,PII_EXCLUDED,개인정보 — 이관 대상 제외
CS,TB_BP_THRESHOLD,LEGACY_FLAG,ETC,운영계 전용 내부 항목
CS,TB_CHARGE,BATCH_SEQ,PENDING,차기 이관 예정
CS,TB_CHARGE,LEGACY_FLAG,UNFIT,분석 요건에 부적합한 컬럼
CS,TB_LEGACY_UNMIGRATED,,NO_REQUEST,이관 요청에 포함되지 않은 테이블
CS,TB_PG_KIBNET,HOME_ADDR,PII_EXCLUDED,개인정보 — 이관 대상 제외
CS,TB_PG_KIBNET,RMK_CN,UNFIT,분석 요건에 부적합한 컬럼
CS,TB_PG_OB_WITHDRAW,RRNO,PII_EXCLUDED,개인정보 — 이관 대상 제외
CS,TB_PG_OB_WITHDRAW,RMK_CN,UNFIT,분석 요건에 부적합한 컬럼
CS,TB_PG_OB_WITHDRAW,TMP_WORK_VAL,ETC,운영계 전용 내부 항목
CTI,CONTACT,HOME_ADDR,PII_EXCLUDED,개인정보 — 이관 대상 제외
CTI,CONTACT,EMAIL_ADDR,PII_EXCLUDED,개인정보 — 이관 대상 제외
CTI,TB_LEGACY_UNMIGRATED,,NO_REQUEST,이관 요청에 포함되지 않은 테이블
CVS,CERT_VERIFICATION_INFO,HOME_ADDR,PII_EXCLUDED,개인정보 — 이관 대상 제외
DAP,DAP_CRTV,TEL_NO,PII_EXCLUDED,개인정보 — 이관 대상 제외
DAP,DAP_CRTV,HOME_ADDR,PII_EXCLUDED,개인정보 — 이관 대상 제외
DAP,DAP_CRTV,INTERNAL_MEMO,ETC,운영계 전용 내부 항목
DAP,DAP_CRTV_AUD,CUST_NM,PII_EXCLUDED,개인정보 — 이관 대상 제외
DAP,DAP_CRTV_AUD,RRNO,PII_EXCLUDED,개인정보 — 이관 대상 제외
DAP,DAP_MBR_APH_CRTV_AGG,BANK_ACCT_NO,PII_EXCLUDED,개인정보 — 이관 대상 제외
DAP,DAP_MBR_APH_CRTV_AGG,LEGACY_FLAG,PENDING,차기 이관 예정
DAP,DAP_MBR_APH_HIST,TEL_NO,PII_EXCLUDED,개인정보 — 이관 대상 제외
DAP,DAP_MBR_APH_HIST,EMAIL_ADDR,PII_EXCLUDED,개인정보 — 이관 대상 제외
DEFAULT,AUDIT_IMPALA,BANK_ACCT_NO,PII_EXCLUDED,개인정보 — 이관 대상 제외
DEFAULT,AUDIT_IMPALA,RRNO,PII_EXCLUDED,개인정보 — 이관 대상 제외
EAS,EAS_CRD_PKP_GM,RMK_CN,UNFIT,분석 요건에 부적합한 컬럼
EAS,EAS_CRD_PKP_GM,BATCH_SEQ,PENDING,차기 이관 예정
EAS,EAS_PNT_CVSN_CMPX_TR,TEL_NO,PII_EXCLUDED,개인정보 — 이관 대상 제외
EAS,EAS_PNT_CVSN_CMPX_TR,LEGACY_FLAG,PENDING,차기 이관 예정
EAS,EAS_PNT_CVSN_CMPX_TR,RMK_CN,PENDING,차기 이관 예정
EAS,NH_POINT_TRAN_HISTORY,TMP_WORK_VAL,ETC,운영계 전용 내부 항목
EAS,POINT_TRAN,INTERNAL_MEMO,PENDING,차기 이관 예정
EDM,PARTNER,BANK_ACCT_NO,PII_EXCLUDED,개인정보 — 이관 대상 제외
EDM,POINT_PROVIDER,RRNO,PII_EXCLUDED,개인정보 — 이관 대상 제외
EDM,POINT_TRANSFER,TEL_NO,PII_EXCLUDED,개인정보 — 이관 대상 제외
EMS,EMS_BYDT_BYMBR_STTC,RRNO,PII_EXCLUDED,개인정보 — 이관 대상 제외
EMS,EMS_CHL,LEGACY_FLAG,ETC,운영계 전용 내부 항목
EMS,EMS_ENV_MLG_TC_DEF,TMP_WORK_VAL,UNFIT,분석 요건에 부적합한 컬럼
EMS,EMS_ENV_MLG_TC_DEF,LEGACY_FLAG,PENDING,차기 이관 예정
EMS,EMS_MLG_CVSN_HIST,BANK_ACCT_NO,PII_EXCLUDED,개인정보 — 이관 대상 제외
EMS,EMS_MLG_CVSN_HIST,RRNO,PII_EXCLUDED,개인정보 — 이관 대상 제외
EMS,MISSION_PAY_TRANSACTION,EMAIL_ADDR,PII_EXCLUDED,개인정보 — 이관 대상 제외
EMS,MISSION_PAY_TRANSACTION,TMP_WORK_VAL,UNFIT,분석 요건에 부적합한 컬럼
EMS,MISSION_PAY_TRANSACTION,LEGACY_FLAG,PENDING,차기 이관 예정
EMS,MISSION_PROC,BANK_ACCT_NO,PII_EXCLUDED,개인정보 — 이관 대상 제외
EMS,MISSION_PROC,BATCH_SEQ,UNFIT,분석 요건에 부적합한 컬럼
EMS,TB_LEGACY_UNMIGRATED,,NO_REQUEST,이관 요청에 포함되지 않은 테이블
ESIGN,ESI_BZPL,RRNO,PII_EXCLUDED,개인정보 — 이관 대상 제외
ESIGN,ESI_EPG_MC_SVC,HOME_ADDR,PII_EXCLUDED,개인정보 — 이관 대상 제외
ESIGN,ESI_EPG_MC_SVC,INTERNAL_MEMO,UNFIT,분석 요건에 부적합한 컬럼
IAS,IAS_CARD_LASTTX,EMAIL_ADDR,PII_EXCLUDED,개인정보 — 이관 대상 제외
IAS,IAS_CARD_PAN,TEL_NO,PII_EXCLUDED,개인정보 — 이관 대상 제외
IAS,IAS_CARD_PAN,HOME_ADDR,PII_EXCLUDED,개인정보 — 이관 대상 제외
IAS,IAS_CARD_PAN,RMK_CN,ETC,운영계 전용 내부 항목
IAS,IAS_CARD_PAN,INTERNAL_MEMO,UNFIT,분석 요건에 부적합한 컬럼
IAS,IAS_COMPLEX_TRAN,RRNO,PII_EXCLUDED,개인정보 — 이관 대상 제외
IAS,IAS_COMPLEX_TRAN,RMK_CN,ETC,운영계 전용 내부 항목
IAS,ias_contract_dct_amt,LEGACY_FLAG,UNFIT,분석 요건에 부적합한 컬럼
IAS,IAS_DISCOUNT_AMT,BANK_ACCT_NO,PII_EXCLUDED,개인정보 — 이관 대상 제외
IAS,IAS_DISCOUNT_AMT,HOME_ADDR,PII_EXCLUDED,개인정보 — 이관 대상 제외
IAS,IAS_DISCOUNT_AMT_D,TMP_WORK_VAL,PENDING,차기 이관 예정
IAS,ias_info,BATCH_SEQ,PENDING,차기 이관 예정
IAS,IAS_KONA_DCT_AMT_D,CUST_NM,PII_EXCLUDED,개인정보 — 이관 대상 제외
IAS,IAS_KONA_DCT_AMT_D,RRNO,PII_EXCLUDED,개인정보 — 이관 대상 제외
IAS,IAS_KONA_DCT_AMT_D,LEGACY_FLAG,ETC,운영계 전용 내부 항목
IAS,IAS_KONA_DCT_AMT_D,BATCH_SEQ,UNFIT,분석 요건에 부적합한 컬럼
IAS,IAS_KONA_DCT_AMT_M,CUST_NM,PII_EXCLUDED,개인정보 — 이관 대상 제외
IAS,IAS_KONA_DCT_AMT_M,TMP_WORK_VAL,UNFIT,분석 요건에 부적합한 컬럼
IAS,IAS_PAY_AMT_M,INTERNAL_MEMO,ETC,운영계 전용 내부 항목
IAS,IAS_RCG_AMT_M,TEL_NO,PII_EXCLUDED,개인정보 — 이관 대상 제외
IAS,IAS_RCG_AMT_M,INTERNAL_MEMO,UNFIT,분석 요건에 부적합한 컬럼
IAS,IAS_REFUND,HOME_ADDR,PII_EXCLUDED,개인정보 — 이관 대상 제외
IAS,IAS_REFUND,BANK_ACCT_NO,PII_EXCLUDED,개인정보 — 이관 대상 제외
IAS,IAS_REP_MERCHANT_AMT,RRNO,PII_EXCLUDED,개인정보 — 이관 대상 제외
IAS,IAS_REP_MERCHANT_TMN,TEL_NO,PII_EXCLUDED,개인정보 — 이관 대상 제외
IAS,IAS_TRANSACTION,TEL_NO,PII_EXCLUDED,개인정보 — 이관 대상 제외
IAS,IAS_TRANSACTION,EMAIL_ADDR,PII_EXCLUDED,개인정보 — 이관 대상 제외
IBF,TB_LEGACY_UNMIGRATED,,NO_REQUEST,이관 요청에 포함되지 않은 테이블
KBC,KBC_WPTL_CRD_CASH,EMAIL_ADDR,PII_EXCLUDED,개인정보 — 이관 대상 제외
KBC,KBC_WPTL_CRD_ORDR,TMP_WORK_VAL,ETC,운영계 전용 내부 항목
KBC,KBC_WPTL_PRD,EMAIL_ADDR,PII_EXCLUDED,개인정보 — 이관 대상 제외
KBC,KBC_WPTL_PRD,TMP_WORK_VAL,ETC,운영계 전용 내부 항목
KBC,TB_LEGACY_UNMIGRATED,,NO_REQUEST,이관 요청에 포함되지 않은 테이블
KCPS,CUSTOM_POLICY,HOME_ADDR,PII_EXCLUDED,개인정보 — 이관 대상 제외
KCPS,CUSTOM_POLICY,RRNO,PII_EXCLUDED,개인정보 — 이관 대상 제외
KCPS,KCON_PLCY,RRNO,PII_EXCLUDED,개인정보 — 이관 대상 제외
KCPS,KCON_PLCY,TEL_NO,PII_EXCLUDED,개인정보 — 이관 대상 제외
KCPS,KCPS_ADMIN_HISTORY_DISABLED,TEL_NO,PII_EXCLUDED,개인정보 — 이관 대상 제외
KCPS,KCPS_ADMIN_HISTORY_DISABLED,RMK_CN,UNFIT,분석 요건에 부적합한 컬럼
KCPS,KCPS_ADMIN_HISTORY_DISABLED,LEGACY_FLAG,ETC,운영계 전용 내부 항목
KCPS,POLICY_CONDITION_MAPPING,LEGACY_FLAG,PENDING,차기 이관 예정
KNOTIFY,KAKAO_SMS_TEMPLATE,EMAIL_ADDR,PII_EXCLUDED,개인정보 — 이관 대상 제외
KNOTIFY,KAKAO_SMS_TEMPLATE,HOME_ADDR,PII_EXCLUDED,개인정보 — 이관 대상 제외
KNOTIFY,KAKAO_SMS_TEMPLATE,TMP_WORK_VAL,ETC,운영계 전용 내부 항목
KNOTIFY,KAKAO_SMS_TEMPLATE,INTERNAL_MEMO,PENDING,차기 이관 예정
KNOTIFY,SMS_NOTIFICATION_DETAILS,BANK_ACCT_NO,PII_EXCLUDED,개인정보 — 이관 대상 제외
KNOTIFY,TB_LEGACY_UNMIGRATED,,NO_REQUEST,이관 요청에 포함되지 않은 테이블
KODASP,AFFILIATE_ASP,LEGACY_FLAG,PENDING,차기 이관 예정
KODASP,AUTO_RECHARGE_POLICY,TMP_WORK_VAL,UNFIT,분석 요건에 부적합한 컬럼
KODASP,BC_ONLINE_MERCHANT,EMAIL_ADDR,PII_EXCLUDED,개인정보 — 이관 대상 제외
KODASP,BIZ_TYPE_GROUP,EMAIL_ADDR,PII_EXCLUDED,개인정보 — 이관 대상 제외
KODASP,BIZ_TYPE_GROUP,TMP_WORK_VAL,ETC,운영계 전용 내부 항목
KODASP,BIZ_TYPE_GROUP,LEGACY_FLAG,ETC,운영계 전용 내부 항목
KODASP,CARD_POINT_POLICY,TMP_WORK_VAL,UNFIT,분석 요건에 부적합한 컬럼
KODASP,CARD_POINT_SVC_MAPPING,EMAIL_ADDR,PII_EXCLUDED,개인정보 — 이관 대상 제외
KODASP,CARD_POINT_SVC_MAPPING,BATCH_SEQ,PENDING,차기 이관 예정
KODASP,COMPOSITE_PAYMENT_PRIORITY,CUST_NM,PII_EXCLUDED,개인정보 — 이관 대상 제외
KODASP,CONTRACT,BATCH_SEQ,ETC,운영계 전용 내부 항목
KODASP,COUPON_POLICY,BATCH_SEQ,UNFIT,분석 요건에 부적합한 컬럼
KODASP,DCNT_BUNDLE_PRODUCT_MAPPING,BANK_ACCT_NO,PII_EXCLUDED,개인정보 — 이관 대상 제외
KODASP,DCNT_BUNDLE_PRODUCT_MAPPING,RRNO,PII_EXCLUDED,개인정보 — 이관 대상 제외
KODASP,DCNT_GROUP_MAPPING,RMK_CN,PENDING,차기 이관 예정
KODASP,DISCOUNT_PROVIDER,TEL_NO,PII_EXCLUDED,개인정보 — 이관 대상 제외
KODASP,DISCOUNT_PROVIDER,BATCH_SEQ,ETC,운영계 전용 내부 항목
KODASP,EPAY_SVC_CODE,RRNO,PII_EXCLUDED,개인정보 — 이관 대상 제외
KODASP,EPAY_SVC_CODE,HOME_ADDR,PII_EXCLUDED,개인정보 — 이관 대상 제외
KODASP,EPAY_SVC_CODE,LEGACY_FLAG,UNFIT,분석 요건에 부적합한 컬럼
KODASP,EXTERNAL_SERVICE,RRNO,PII_EXCLUDED,개인정보 — 이관 대상 제외
KODASP,EXTERNAL_SERVICE,HOME_ADDR,PII_EXCLUDED,개인정보 — 이관 대상 제외
KODASP,FEE_RATE,HOME_ADDR,PII_EXCLUDED,개인정보 — 이관 대상 제외
KODASP,FRAUD_DETECTION_POLICY,RRNO,PII_EXCLUDED,개인정보 — 이관 대상 제외
KODASP,GROUP_MAPPING,HOME_ADDR,PII_EXCLUDED,개인정보 — 이관 대상 제외
KODASP,GROUP_MAPPING,RRNO,PII_EXCLUDED,개인정보 — 이관 대상 제외
KODASP,GROUP_MAPPING,TMP_WORK_VAL,ETC,운영계 전용 내부 항목
KODASP,GROUP_MAPPING_HISTORY,EMAIL_ADDR,PII_EXCLUDED,개인정보 — 이관 대상 제외
KODASP,GROUP_MAPPING_HISTORY,HOME_ADDR,PII_EXCLUDED,개인정보 — 이관 대상 제외
KODASP,GROUP_MAPPING_HISTORY,LEGACY_FLAG,PENDING,차기 이관 예정
KODASP,GROUP_MAPPING_HISTORY,BATCH_SEQ,ETC,운영계 전용 내부 항목
KODASP,KB_MERCHANT,RRNO,PII_EXCLUDED,개인정보 — 이관 대상 제외
KODASP,KB_MERCHANT_HISTORY,TMP_WORK_VAL,PENDING,차기 이관 예정
KODASP,KB_MERCHANT_HISTORY,LEGACY_FLAG,ETC,운영계 전용 내부 항목
KODASP,KOMSCO_MERCHANT,RRNO,PII_EXCLUDED,개인정보 — 이관 대상 제외
KODASP,MERCHANT,LEGACY_FLAG,PENDING,차기 이관 예정
KODASP,MERCHANT_CHANGE_NOTICE,RRNO,PII_EXCLUDED,개인정보 — 이관 대상 제외
KODASP,NH_MERCHANT,EMAIL_ADDR,PII_EXCLUDED,개인정보 — 이관 대상 제외
KODASP,NH_MERCHANT,BANK_ACCT_NO,PII_EXCLUDED,개인정보 — 이관 대상 제외
KODASP,PAYCO_MERCHANT,INTERNAL_MEMO,PENDING,차기 이관 예정
KODASP,PLATFORM_POLICY,LEGACY_FLAG,UNFIT,분석 요건에 부적합한 컬럼
KODASP,PLATFORM_POLICY,RMK_CN,UNFIT,분석 요건에 부적합한 컬럼
KODASP,PLAYER_DETAIL_INFO,BATCH_SEQ,UNFIT,분석 요건에 부적합한 컬럼
KODASP,PLAYER_DETAIL_INFO,RMK_CN,UNFIT,분석 요건에 부적합한 컬럼
KODASP,PLAYER_GROUP,RRNO,PII_EXCLUDED,개인정보 — 이관 대상 제외
KODASP,PLAYER_GROUP,CUST_NM,PII_EXCLUDED,개인정보 — 이관 대상 제외
KODASP,PNT_DPSTS_AGG,RRNO,PII_EXCLUDED,개인정보 — 이관 대상 제외
KODASP,PNT_DPSTS_AGG,HOME_ADDR,PII_EXCLUDED,개인정보 — 이관 대상 제외
KODASP,PNT_DPSTS_AGG,INTERNAL_MEMO,ETC,운영계 전용 내부 항목
KODASP,POINT_DISPLAY_INFO_D,EMAIL_ADDR,PII_EXCLUDED,개인정보 — 이관 대상 제외
KODASP,POINT_POLICY,TEL_NO,PII_EXCLUDED,개인정보 — 이관 대상 제외
KODASP,POINT_POLICY,BANK_ACCT_NO,PII_EXCLUDED,개인정보 — 이관 대상 제외
KODASP,POINT_POLICY_ALLOWANCE,RMK_CN,UNFIT,분석 요건에 부적합한 컬럼
KODASP,POINT_PROVIDER,TEL_NO,PII_EXCLUDED,개인정보 — 이관 대상 제외
KODASP,POINT_PROVIDER,HOME_ADDR,PII_EXCLUDED,개인정보 — 이관 대상 제외
KODASP,RC_DPSTS_AGG,EMAIL_ADDR,PII_EXCLUDED,개인정보 — 이관 대상 제외
KODASP,RC_DPSTS_AGG,CUST_NM,PII_EXCLUDED,개인정보 — 이관 대상 제외
KODASP,RECHARGER_POINT_POLICY,RRNO,PII_EXCLUDED,개인정보 — 이관 대상 제외
KODASP,RECHARGER_POINT_POLICY,CUST_NM,PII_EXCLUDED,개인정보 — 이관 대상 제외
KODASP,RECHARGER_POINT_POLICY,RMK_CN,UNFIT,분석 요건에 부적합한 컬럼
KODASP,RECHARGE_POLICY,HOME_ADDR,PII_EXCLUDED,개인정보 — 이관 대상 제외
KODASP,REFUND_POLICY,INTERNAL_MEMO,UNFIT,분석 요건에 부적합한 컬럼
KODASP,REMITTANCE_POLICY,RMK_CN,UNFIT,분석 요건에 부적합한 컬럼
KODASP,SAMSUNG_MERCHANT_HISTORY,BATCH_SEQ,UNFIT,분석 요건에 부적합한 컬럼
KODASP,SAMSUNG_MERCHANT_HISTORY,INTERNAL_MEMO,PENDING,차기 이관 예정
KODASP,SERVICE,BANK_ACCT_NO,PII_EXCLUDED,개인정보 — 이관 대상 제외
KODASP,SERVICE,LEGACY_FLAG,UNFIT,분석 요건에 부적합한 컬럼
KODASP,SERVICE,INTERNAL_MEMO,PENDING,차기 이관 예정
KODASP,SERVICE_DETAIL,TMP_WORK_VAL,PENDING,차기 이관 예정
KODASP,SERVICE_PROVIDER,TMP_WORK_VAL,PENDING,차기 이관 예정
KODASP,SHINHAN_MERCHANT,RRNO,PII_EXCLUDED,개인정보 — 이관 대상 제외
KODASP,SHINHAN_MERCHANT,BANK_ACCT_NO,PII_EXCLUDED,개인정보 — 이관 대상 제외
KODASP,SSUMPASS_MERCHANT,HOME_ADDR,PII_EXCLUDED,개인정보 — 이관 대상 제외
KODASP,SSUMPASS_MERCHANT,LEGACY_FLAG,PENDING,차기 이관 예정
KODASP,SSUMPASS_MERCHANT_HISTORY,HOME_ADDR,PII_EXCLUDED,개인정보 — 이관 대상 제외
KODASP,SSUMPASS_MERCHANT_HISTORY,BANK_ACCT_NO,PII_EXCLUDED,개인정보 — 이관 대상 제외
KODASP,TIMESLOT,CUST_NM,PII_EXCLUDED,개인정보 — 이관 대상 제외
KPS,ADMIN_TRAN,TEL_NO,PII_EXCLUDED,개인정보 — 이관 대상 제외
KPS,KPS_PNT_ITG_CLT_TR,HOME_ADDR,PII_EXCLUDED,개인정보 — 이관 대상 제외
KPS,KPS_PNT_ITG_CLT_TR,CUST_NM,PII_EXCLUDED,개인정보 — 이관 대상 제외
KPS,MB_GFCT,INTERNAL_MEMO,ETC,운영계 전용 내부 항목
KPS,MB_GFCT_TR,BANK_ACCT_NO,PII_EXCLUDED,개인정보 — 이관 대상 제외
KPS,MB_GFCT_TR,RMK_CN,UNFIT,분석 요건에 부적합한 컬럼
KPS,MB_GFCT_TR,LEGACY_FLAG,UNFIT,분석 요건에 부적합한 컬럼
KPS,PNT_DISC_GRADE,EMAIL_ADDR,PII_EXCLUDED,개인정보 — 이관 대상 제외
KPS,PNT_DISC_GRADE,HOME_ADDR,PII_EXCLUDED,개인정보 — 이관 대상 제외
KPS,PNT_DISC_GRADE_HISTORY,RRNO,PII_EXCLUDED,개인정보 — 이관 대상 제외
KPS,PNT_TRAN,TMP_WORK_VAL,PENDING,차기 이관 예정
KSTS,EXPIRY_REMIND,HOME_ADDR,PII_EXCLUDED,개인정보 — 이관 대상 제외
KSTS,EXPIRY_REMIND,BANK_ACCT_NO,PII_EXCLUDED,개인정보 — 이관 대상 제외
KSTS,EXPIRY_REMIND,RMK_CN,PENDING,차기 이관 예정
KSTS,MC_MAPPING,BANK_ACCT_NO,PII_EXCLUDED,개인정보 — 이관 대상 제외
KSTS,MC_MAPPING,TEL_NO,PII_EXCLUDED,개인정보 — 이관 대상 제외
KSTS,MC_MAPPING,BATCH_SEQ,UNFIT,분석 요건에 부적합한 컬럼
KSTS,MC_MAPPING,LEGACY_FLAG,UNFIT,분석 요건에 부적합한 컬럼
KSTS,MILEAGE_CARD,CUST_NM,PII_EXCLUDED,개인정보 — 이관 대상 제외
KSTS,MILEAGE_CARD,EMAIL_ADDR,PII_EXCLUDED,개인정보 — 이관 대상 제외
KSTS,MILEAGE_POLICY,RMK_CN,UNFIT,분석 요건에 부적합한 컬럼
KSTS,STAMP_CARD,HOME_ADDR,PII_EXCLUDED,개인정보 — 이관 대상 제외
KSTS,STAMP_VARIOUS,CUST_NM,PII_EXCLUDED,개인정보 — 이관 대상 제외
KSTS,STAMP_VARIOUS,RRNO,PII_EXCLUDED,개인정보 — 이관 대상 제외
LGMS,GAME_ROUND,BANK_ACCT_NO,PII_EXCLUDED,개인정보 — 이관 대상 제외
LGMS,GAME_ROUND,TEL_NO,PII_EXCLUDED,개인정보 — 이관 대상 제외
LGMS,TB_LEGACY_UNMIGRATED,,NO_REQUEST,이관 요청에 포함되지 않은 테이블
LOP,BRAND_HISTORY,TEL_NO,PII_EXCLUDED,개인정보 — 이관 대상 제외
LOP,BRAND_HISTORY,RRNO,PII_EXCLUDED,개인정보 — 이관 대상 제외
LOP,EXT_RECYCLE_INFO,CUST_NM,PII_EXCLUDED,개인정보 — 이관 대상 제외
LOP,MADE_IN_MEMO,LEGACY_FLAG,ETC,운영계 전용 내부 항목
LOP,MEMO_POLICY,LEGACY_FLAG,PENDING,차기 이관 예정
LOP,MENU_HISTORY,RRNO,PII_EXCLUDED,개인정보 — 이관 대상 제외
LOP,MENU_HISTORY,TMP_WORK_VAL,UNFIT,분석 요건에 부적합한 컬럼
LOP,MENU_HISTORY_OPTION,INTERNAL_MEMO,ETC,운영계 전용 내부 항목
LOP,MENU_HISTORY_OPTION_ITEM,HOME_ADDR,PII_EXCLUDED,개인정보 — 이관 대상 제외
LOP,MENU_HISTORY_SUB_ITEM,RRNO,PII_EXCLUDED,개인정보 — 이관 대상 제외
LOP,MENU_HISTORY_SUB_ITEM,BATCH_SEQ,ETC,운영계 전용 내부 항목
LOP,ORDERER,CUST_NM,PII_EXCLUDED,개인정보 — 이관 대상 제외
LOP,ORDERER,INTERNAL_MEMO,PENDING,차기 이관 예정
LOP,ORDER_INFO,BANK_ACCT_NO,PII_EXCLUDED,개인정보 — 이관 대상 제외
LOP,PAYMENT,CUST_NM,PII_EXCLUDED,개인정보 — 이관 대상 제외
LOP,PAYMENT,EMAIL_ADDR,PII_EXCLUDED,개인정보 — 이관 대상 제외
LOP,PLACE,LEGACY_FLAG,PENDING,차기 이관 예정
LOP,PLACE_CATEGORY_LIST,BATCH_SEQ,ETC,운영계 전용 내부 항목
LOP,PLACE_CATEGORY_LIST,LEGACY_FLAG,ETC,운영계 전용 내부 항목
LOP,PLACE_HOLIDAY_LIST,CUST_NM,PII_EXCLUDED,개인정보 — 이관 대상 제외
LOP,PLACE_HOLIDAY_LIST,HOME_ADDR,PII_EXCLUDED,개인정보 — 이관 대상 제외
LOP,PLACE_INTRO_LIST,BATCH_SEQ,ETC,운영계 전용 내부 항목
LOP,PLACE_RANK_POLICY_CLASS,LEGACY_FLAG,UNFIT,분석 요건에 부적합한 컬럼
LOP,PLACE_REFRESH_HHMM,BATCH_SEQ,UNFIT,분석 요건에 부적합한 컬럼
LOP,PLACE_TAG_LIST,TMP_WORK_VAL,UNFIT,분석 요건에 부적합한 컬럼
LOP,PLACE_TIME_DATA_LIST,CUST_NM,PII_EXCLUDED,개인정보 — 이관 대상 제외
LOP,PLACE_TIME_DATA_LIST,RRNO,PII_EXCLUDED,개인정보 — 이관 대상 제외
LOP,PLACE_TIME_DATA_LIST,INTERNAL_MEMO,ETC,운영계 전용 내부 항목
LOP,PLACE_TIP_EXTRA_DONG,RRNO,PII_EXCLUDED,개인정보 — 이관 대상 제외
LOP,PLACE_TIP_EXTRA_DONG,BANK_ACCT_NO,PII_EXCLUDED,개인정보 — 이관 대상 제외
LOP,PLACE_TIP_EXTRA_HOUR,RRNO,PII_EXCLUDED,개인정보 — 이관 대상 제외
LOP,REVIEW_HISTORY,RRNO,PII_EXCLUDED,개인정보 — 이관 대상 제외
LOP,REVIEW_HISTORY,HOME_ADDR,PII_EXCLUDED,개인정보 — 이관 대상 제외
LOP,REVIEW_HISTORY,BATCH_SEQ,UNFIT,분석 요건에 부적합한 컬럼
LOP,STATISTICS_USER,HOME_ADDR,PII_EXCLUDED,개인정보 — 이관 대상 제외
LOP,STATISTICS_USER,CUST_NM,PII_EXCLUDED,개인정보 — 이관 대상 제외
LOP,USER_FAVORITE_PLACE,RMK_CN,PENDING,차기 이관 예정
LOP,USER_INFO,RRNO,PII_EXCLUDED,개인정보 — 이관 대상 제외
LOP,USER_INFO,CUST_NM,PII_EXCLUDED,개인정보 — 이관 대상 제외
LOP,USER_RANK,TMP_WORK_VAL,ETC,운영계 전용 내부 항목
LOP,USER_RANK,INTERNAL_MEMO,PENDING,차기 이관 예정
LOP,USER_RANK_POLICY_CLASS,TMP_WORK_VAL,UNFIT,분석 요건에 부적합한 컬럼
LOP,USER_RANK_POLICY_CLASS,LEGACY_FLAG,ETC,운영계 전용 내부 항목
LSS,LSS_BYMBR_LUCK,RMK_CN,PENDING,차기 이관 예정
LSS,LSS_LOTT_PLCY,HOME_ADDR,PII_EXCLUDED,개인정보 — 이관 대상 제외
LSS,LSS_LOTT_PLCY,RMK_CN,PENDING,차기 이관 예정
LSS,lss_luck_cash_pbl_dtls,TEL_NO,PII_EXCLUDED,개인정보 — 이관 대상 제외
LSS,lss_luck_cash_pbl_dtls,EMAIL_ADDR,PII_EXCLUDED,개인정보 — 이관 대상 제외
LSS,lss_luck_mfct_win,BANK_ACCT_NO,PII_EXCLUDED,개인정보 — 이관 대상 제외
LSS,lss_luck_mfct_win,EMAIL_ADDR,PII_EXCLUDED,개인정보 — 이관 대상 제외
LSS,lss_luck_mfct_win,INTERNAL_MEMO,PENDING,차기 이관 예정
LSS,lss_luck_mfct_win,RMK_CN,PENDING,차기 이관 예정
LSS,TB_LEGACY_UNMIGRATED,,NO_REQUEST,이관 요청에 포함되지 않은 테이블
MAP,DEVICE,HOME_ADDR,PII_EXCLUDED,개인정보 — 이관 대상 제외
MAP,DORMANCY_HISTORY,RRNO,PII_EXCLUDED,개인정보 — 이관 대상 제외
MAP,TC_CONTENT,INTERNAL_MEMO,UNFIT,분석 요건에 부적합한 컬럼
MAP,TC_CONTENT,LEGACY_FLAG,PENDING,차기 이관 예정
MAP,TC_DEFINITION,HOME_ADDR,PII_EXCLUDED,개인정보 — 이관 대상 제외
MAP,TC_DEFINITION,BANK_ACCT_NO,PII_EXCLUDED,개인정보 — 이관 대상 제외
MAP,TC_VERSION,BANK_ACCT_NO,PII_EXCLUDED,개인정보 — 이관 대상 제외
MAP,TC_VERSION,LEGACY_FLAG,ETC,운영계 전용 내부 항목
MAP,TC_VERSION,INTERNAL_MEMO,UNFIT,분석 요건에 부적합한 컬럼
MAP,TERMS_AND_CONDITIONS,TMP_WORK_VAL,UNFIT,분석 요건에 부적합한 컬럼
MAP,USER_BLACKLIST_POLICY_STATUS,LEGACY_FLAG,ETC,운영계 전용 내부 항목
MAP,USER_BLACKLIST_POLICY_STATUS,INTERNAL_MEMO,ETC,운영계 전용 내부 항목
MAP,USER_TC_MAPPINGS,HOME_ADDR,PII_EXCLUDED,개인정보 — 이관 대상 제외
MAP,WALLET,HOME_ADDR,PII_EXCLUDED,개인정보 — 이관 대상 제외
MAP,WALLET,RRNO,PII_EXCLUDED,개인정보 — 이관 대상 제외
MAP,WALLET_DETAILS,RRNO,PII_EXCLUDED,개인정보 — 이관 대상 제외
MAP,WALLET_HISTORY,BATCH_SEQ,PENDING,차기 이관 예정
MAP,WALLET_USER,LEGACY_FLAG,PENDING,차기 이관 예정
MAP,WALLET_USER,INTERNAL_MEMO,UNFIT,분석 요건에 부적합한 컬럼
MAP,WALLET_USER_HISTORY,HOME_ADDR,PII_EXCLUDED,개인정보 — 이관 대상 제외
MAP,WALLET_USER_HISTORY,BATCH_SEQ,PENDING,차기 이관 예정
MAP,WALLET_USER_RECOMMENDER_MAP,RRNO,PII_EXCLUDED,개인정보 — 이관 대상 제외
MYDS,OP0031,RRNO,PII_EXCLUDED,개인정보 — 이관 대상 제외
MYDS,OP0031,TMP_WORK_VAL,ETC,운영계 전용 내부 항목
ODS,DLVR_MC_PMON_AGG2,TEL_NO,PII_EXCLUDED,개인정보 — 이관 대상 제외
ODS,dlvr_svc_dtl_pmon_agg2,RMK_CN,ETC,운영계 전용 내부 항목
ODS,dlvr_svc_mbr_pmon_agg2,LEGACY_FLAG,PENDING,차기 이관 예정
ODS,TB_LEGACY_UNMIGRATED,,NO_REQUEST,이관 요청에 포함되지 않은 테이블
PORTAL,AGENT,INTERNAL_MEMO,PENDING,차기 이관 예정
PORTAL,BC_MERCHANT_CODE,CUST_NM,PII_EXCLUDED,개인정보 — 이관 대상 제외
PORTAL,CMN_BIZTYPE_MAP_CD,BATCH_SEQ,UNFIT,분석 요건에 부적합한 컬럼
PORTAL,COMMON,INTERNAL_MEMO,ETC,운영계 전용 내부 항목
PORTAL,COUPON_DISCOUNT,BANK_ACCT_NO,PII_EXCLUDED,개인정보 — 이관 대상 제외
PORTAL,COUPON_DISCOUNT,RMK_CN,ETC,운영계 전용 내부 항목
PORTAL,COUPON_DISCOUNT,TMP_WORK_VAL,UNFIT,분석 요건에 부적합한 컬럼
PORTAL,DISCOUNT,EMAIL_ADDR,PII_EXCLUDED,개인정보 — 이관 대상 제외
PORTAL,DISCOUNT,BANK_ACCT_NO,PII_EXCLUDED,개인정보 — 이관 대상 제외
PORTAL,DISCOUNT_GROUP,BANK_ACCT_NO,PII_EXCLUDED,개인정보 — 이관 대상 제외
PORTAL,DISCOUNT_GROUP,LEGACY_FLAG,UNFIT,분석 요건에 부적합한 컬럼
PORTAL,DISCOUNT_GROUP,BATCH_SEQ,ETC,운영계 전용 내부 항목
PORTAL,DISCOUNT_MERCHANT,BATCH_SEQ,ETC,운영계 전용 내부 항목
PORTAL,DIY_COUPON_MAPPING,HOME_ADDR,PII_EXCLUDED,개인정보 — 이관 대상 제외
PORTAL,LUCKY_EVENT_REWARD_HISTORY,BATCH_SEQ,PENDING,차기 이관 예정
PORTAL,LUCKY_EVENT_REWARD_PRICE,BANK_ACCT_NO,PII_EXCLUDED,개인정보 — 이관 대상 제외
PORTAL,LUCKY_EVENT_REWARD_PRICE,HOME_ADDR,PII_EXCLUDED,개인정보 — 이관 대상 제외
PORTAL,LUCKY_EVENT_REWARD_PRICE,RMK_CN,ETC,운영계 전용 내부 항목
PORTAL,LUCKY_EVENT_REWARD_PRICE,BATCH_SEQ,ETC,운영계 전용 내부 항목
PORTAL,LUCKY_NEW_EVENT_REWARD_SETTING,RRNO,PII_EXCLUDED,개인정보 — 이관 대상 제외
PORTAL,MERCHANT_INTRO,TEL_NO,PII_EXCLUDED,개인정보 — 이관 대상 제외
PORTAL,MERCHANT_INTRO,EMAIL_ADDR,PII_EXCLUDED,개인정보 — 이관 대상 제외
PORTAL,MERCHANT_INTRO_ASP_MAPPING,TEL_NO,PII_EXCLUDED,개인정보 — 이관 대상 제외
PORTAL,MERCHANT_INTRO_ASP_MAPPING,LEGACY_FLAG,PENDING,차기 이관 예정
PORTAL,PLAYER,EMAIL_ADDR,PII_EXCLUDED,개인정보 — 이관 대상 제외
PORTAL,PLAYER_ASP,TEL_NO,PII_EXCLUDED,개인정보 — 이관 대상 제외
PORTAL,POR_ALT_AGG,TMP_WORK_VAL,UNFIT,분석 요건에 부적합한 컬럼
PORTAL,POR_ALT_AGG,RMK_CN,PENDING,차기 이관 예정
PORTAL,POR_DTL_SPPS,RRNO,PII_EXCLUDED,개인정보 — 이관 대상 제외
PORTAL,POR_DTL_SPPS,BATCH_SEQ,ETC,운영계 전용 내부 항목
PORTAL,POR_MPTY_CRD,BANK_ACCT_NO,PII_EXCLUDED,개인정보 — 이관 대상 제외
PORTAL,POR_SPPS,RRNO,PII_EXCLUDED,개인정보 — 이관 대상 제외
PORTAL,POR_SPPS,INTERNAL_MEMO,PENDING,차기 이관 예정
PORTAL,PRODUCT,RRNO,PII_EXCLUDED,개인정보 — 이관 대상 제외
PORTAL,PRODUCT,CUST_NM,PII_EXCLUDED,개인정보 — 이관 대상 제외
PORTAL,PRODUCT_DISCOUNT,EMAIL_ADDR,PII_EXCLUDED,개인정보 — 이관 대상 제외
PORTAL,PRODUCT_DISCOUNT,HOME_ADDR,PII_EXCLUDED,개인정보 — 이관 대상 제외
PORTAL,PRODUCT_DISCOUNT,INTERNAL_MEMO,PENDING,차기 이관 예정
PORTAL,ROLE,INTERNAL_MEMO,UNFIT,분석 요건에 부적합한 컬럼
PORTAL,ROLE,RMK_CN,UNFIT,분석 요건에 부적합한 컬럼
PORTAL,SHOP_CATEGORY_MAPPING,BATCH_SEQ,ETC,운영계 전용 내부 항목
PORTAL,SH_MERCHANT_CODE,BANK_ACCT_NO,PII_EXCLUDED,개인정보 — 이관 대상 제외
PORTAL,SH_MERCHANT_CODE,INTERNAL_MEMO,UNFIT,분석 요건에 부적합한 컬럼
PORTAL,SH_MERCHANT_CODE,RMK_CN,PENDING,차기 이관 예정
PORTAL,TBL_AREA_SERVICE_MAPPING,RMK_CN,UNFIT,분석 요건에 부적합한 컬럼
PORTAL,TBL_ASP_SERVICE_MAPPING,EMAIL_ADDR,PII_EXCLUDED,개인정보 — 이관 대상 제외
PORTAL,TBL_KA_SERVICE_MAPPING,RMK_CN,UNFIT,분석 요건에 부적합한 컬럼
PORTAL,TBL_KA_SERVICE_MAPPING,TMP_WORK_VAL,ETC,운영계 전용 내부 항목
PORTAL,TBL_MILEAGE_IMAGE_MAPPING,BATCH_SEQ,PENDING,차기 이관 예정
PP,BAS_EPAY_MAPPING,LEGACY_FLAG,PENDING,차기 이관 예정
PP,BAS_EPAY_MAPPING,RMK_CN,UNFIT,분석 요건에 부적합한 컬럼
PRS,PRS_SPPS_APH_HIST,HOME_ADDR,PII_EXCLUDED,개인정보 — 이관 대상 제외
PRS,PRS_SPPS_APH_HIST,INTERNAL_MEMO,ETC,운영계 전용 내부 항목
PRS,PRS_SPPS_U_YN,TEL_NO,PII_EXCLUDED,개인정보 — 이관 대상 제외
PRS,PRS_SPPS_U_YN,RMK_CN,ETC,운영계 전용 내부 항목
PRS,TB_LEGACY_UNMIGRATED,,NO_REQUEST,이관 요청에 포함되지 않은 테이블
RFS,TB_LEGACY_UNMIGRATED,,NO_REQUEST,이관 요청에 포함되지 않은 테이블
SAS,PNT_TRAN_TYPE,CUST_NM,PII_EXCLUDED,개인정보 — 이관 대상 제외
SAS,prcs_cd,HOME_ADDR,PII_EXCLUDED,개인정보 — 이관 대상 제외
SAS,prcs_cd,EMAIL_ADDR,PII_EXCLUDED,개인정보 — 이관 대상 제외
SAS,TB_LEGACY_UNMIGRATED,,NO_REQUEST,이관 요청에 포함되지 않은 테이블
SMS,IMC_AT_BIZ_MSG_LOG,TMP_WORK_VAL,PENDING,차기 이관 예정
SMS,IMC_AT_BIZ_MSG_LOG,LEGACY_FLAG,ETC,운영계 전용 내부 항목
TBL,TMS_SNDNG_CMPGN_RPRT_PS,LEGACY_FLAG,UNFIT,분석 요건에 부적합한 컬럼
TGS,TB_ACCESS_KEY,RRNO,PII_EXCLUDED,개인정보 — 이관 대상 제외
TGS,TB_ACCESS_KEY,HOME_ADDR,PII_EXCLUDED,개인정보 — 이관 대상 제외
TGS,TB_ACCESS_KEY,LEGACY_FLAG,ETC,운영계 전용 내부 항목
TGS,TB_LEGACY_UNMIGRATED,,NO_REQUEST,이관 요청에 포함되지 않은 테이블
TSS,PREV_BALANCE,CUST_NM,PII_EXCLUDED,개인정보 — 이관 대상 제외
TSS,PREV_BALANCE_POLICY,CUST_NM,PII_EXCLUDED,개인정보 — 이관 대상 제외
TSS,PREV_BALANCE_POLICY,BANK_ACCT_NO,PII_EXCLUDED,개인정보 — 이관 대상 제외
TSS,TRANSFER_EXECUTE_HISTORY,TEL_NO,PII_EXCLUDED,개인정보 — 이관 대상 제외
TSS,TRANSFER_EXECUTE_HISTORY,BANK_ACCT_NO,PII_EXCLUDED,개인정보 — 이관 대상 제외
VCC,TB_LEGACY_UNMIGRATED,,NO_REQUEST,이관 요청에 포함되지 않은 테이블
VCC,VCC_CHTBT_FAQ_BYDT_AGG,LEGACY_FLAG,PENDING,차기 이관 예정
VCC,VCC_CHTBT_SESN_PLCY,RMK_CN,PENDING,차기 이관 예정
VCC,VCC_CHTBT_TOKN,RRNO,PII_EXCLUDED,개인정보 — 이관 대상 제외
VCC,VCC_CHTBT_TOKN,LEGACY_FLAG,ETC,운영계 전용 내부 항목
